NodeId_Profile,Correct_Count
400333_Billing_Profile,2
400527_Billing_Profile,2
400658_Billing_Profile,1
400333_Event_Profile,6
400363_Event_Profile,2
400397_Event_Profile,2
400404_Event_Profile,8
400427_Event_Profile,14
400434_Event_Profile,14
400435_Event_Profile,12
400439_Event_Profile,4
400444_Event_Profile,12
400453_Event_Profile,2
400494_Event_Profile,14
400506_Event_Profile,2
400518_Event_Profile,8
400527_Event_Profile,12
400529_Event_Profile,2
400532_Event_Profile,6
400544_Event_Profile,2
400546_Event_Profile,10
400552_Event_Profile,10
400566_Event_Profile,6
400572_Event_Profile,12
400575_Event_Profile,2
400580_Event_Profile,2
400589_Event_Profile,30
400595_Event_Profile,4
400604_Event_Profile,4
400612_Event_Profile,6
400620_Event_Profile,6
400624_Event_Profile,10
400633_Event_Profile,8
400635_Event_Profile,4
400658_Event_Profile,7
400215_Instant_Profile,2
400303_Instant_Profile,4
400333_Instant_Profile,2
400336_Instant_Profile,12
400339_Instant_Profile,12
400340_Instant_Profile,34
400341_Instant_Profile,2
400342_Instant_Profile,32
400344_Instant_Profile,4
400345_Instant_Profile,4
400347_Instant_Profile,2
400348_Instant_Profile,32
400350_Instant_Profile,10
400352_Instant_Profile,12
400355_Instant_Profile,14
400359_Instant_Profile,4
400361_Instant_Profile,2
400362_Instant_Profile,10
400363_Instant_Profile,20
400364_Instant_Profile,2
400365_Instant_Profile,12
400367_Instant_Profile,12
400368_Instant_Profile,32
400369_Instant_Profile,12
400371_Instant_Profile,36
400372_Instant_Profile,32
400373_Instant_Profile,2
400374_Instant_Profile,38
400376_Instant_Profile,12
400379_Instant_Profile,10
400380_Instant_Profile,32
400381_Instant_Profile,20
400382_Instant_Profile,38
400383_Instant_Profile,4
400384_Instant_Profile,2
400386_Instant_Profile,2
400387_Instant_Profile,2
400388_Instant_Profile,32
400390_Instant_Profile,10
400391_Instant_Profile,24
400393_Instant_Profile,24
400397_Instant_Profile,22
400404_Instant_Profile,36
400405_Instant_Profile,10
400406_Instant_Profile,36
400407_Instant_Profile,18
400408_Instant_Profile,30
400409_Instant_Profile,20
400410_Instant_Profile,38
400412_Instant_Profile,10
400414_Instant_Profile,32
400415_Instant_Profile,46
400417_Instant_Profile,30
400419_Instant_Profile,40
400420_Instant_Profile,38
400421_Instant_Profile,22
400422_Instant_Profile,32
400423_Instant_Profile,30
400426_Instant_Profile,12
400427_Instant_Profile,32
400428_Instant_Profile,20
400430_Instant_Profile,30
400432_Instant_Profile,10
400433_Instant_Profile,36
400434_Instant_Profile,6
400435_Instant_Profile,40
400436_Instant_Profile,20
400437_Instant_Profile,30
400439_Instant_Profile,24
400440_Instant_Profile,42
400441_Instant_Profile,36
400442_Instant_Profile,40
400443_Instant_Profile,18
400444_Instant_Profile,27
400445_Instant_Profile,4
400447_Instant_Profile,18
400448_Instant_Profile,24
400450_Instant_Profile,4
400452_Instant_Profile,4
400453_Instant_Profile,34
400454_Instant_Profile,10
400455_Instant_Profile,2
400457_Instant_Profile,36
400458_Instant_Profile,4
400459_Instant_Profile,44
400460_Instant_Profile,34
400461_Instant_Profile,4
400462_Instant_Profile,4
400463_Instant_Profile,28
400464_Instant_Profile,10
400465_Instant_Profile,4
400466_Instant_Profile,12
400467_Instant_Profile,38
400468_Instant_Profile,14
400469_Instant_Profile,26
400470_Instant_Profile,22
400471_Instant_Profile,38
400472_Instant_Profile,40
400474_Instant_Profile,42
400476_Instant_Profile,4
400477_Instant_Profile,30
400478_Instant_Profile,40
400479_Instant_Profile,40
400480_Instant_Profile,20
400481_Instant_Profile,10
400482_Instant_Profile,12
400483_Instant_Profile,34
400484_Instant_Profile,4
400488_Instant_Profile,4
400492_Instant_Profile,16
400493_Instant_Profile,34
400494_Instant_Profile,18
400496_Instant_Profile,8
400497_Instant_Profile,2
400498_Instant_Profile,8
400499_Instant_Profile,30
400500_Instant_Profile,14
400501_Instant_Profile,10
400502_Instant_Profile,4
400505_Instant_Profile,18
400506_Instant_Profile,36
400507_Instant_Profile,48
400508_Instant_Profile,12
400509_Instant_Profile,4
400512_Instant_Profile,4
400514_Instant_Profile,4
400515_Instant_Profile,2
400516_Instant_Profile,42
400517_Instant_Profile,34
400518_Instant_Profile,28
400519_Instant_Profile,4
400520_Instant_Profile,4
400523_Instant_Profile,24
400524_Instant_Profile,46
400527_Instant_Profile,4
400528_Instant_Profile,44
400529_Instant_Profile,22
400532_Instant_Profile,22
400535_Instant_Profile,4
400537_Instant_Profile,40
400538_Instant_Profile,22
400539_Instant_Profile,20
400540_Instant_Profile,48
400541_Instant_Profile,30
400542_Instant_Profile,4
400544_Instant_Profile,32
400545_Instant_Profile,22
400546_Instant_Profile,34
400549_Instant_Profile,4
400550_Instant_Profile,42
400551_Instant_Profile,4
400552_Instant_Profile,20
400553_Instant_Profile,20
400554_Instant_Profile,40
400556_Instant_Profile,32
400558_Instant_Profile,16
400559_Instant_Profile,20
400560_Instant_Profile,12
400561_Instant_Profile,34
400562_Instant_Profile,4
400563_Instant_Profile,36
400564_Instant_Profile,10
400566_Instant_Profile,18
400567_Instant_Profile,38
400568_Instant_Profile,36
400569_Instant_Profile,38
400570_Instant_Profile,36
400571_Instant_Profile,34
400572_Instant_Profile,20
400573_Instant_Profile,16
400575_Instant_Profile,38
400576_Instant_Profile,20
400577_Instant_Profile,26
400580_Instant_Profile,18
400581_Instant_Profile,12
400585_Instant_Profile,40
400587_Instant_Profile,2
400588_Instant_Profile,6
400589_Instant_Profile,44
400591_Instant_Profile,34
400594_Instant_Profile,2
400595_Instant_Profile,32
400596_Instant_Profile,32
400598_Instant_Profile,30
400601_Instant_Profile,34
400603_Instant_Profile,38
400604_Instant_Profile,34
400606_Instant_Profile,12
400607_Instant_Profile,36
400608_Instant_Profile,18
400610_Instant_Profile,34
400611_Instant_Profile,38
400612_Instant_Profile,24
400614_Instant_Profile,30
400615_Instant_Profile,2
400617_Instant_Profile,38
400619_Instant_Profile,2
400620_Instant_Profile,32
400621_Instant_Profile,6
400622_Instant_Profile,20
400624_Instant_Profile,38
400625_Instant_Profile,4
400627_Instant_Profile,34
400628_Instant_Profile,2
400629_Instant_Profile,34
400631_Instant_Profile,22
400633_Instant_Profile,22
400634_Instant_Profile,40
400635_Instant_Profile,24
400636_Instant_Profile,22
400637_Instant_Profile,4
400638_Instant_Profile,42
400639_Instant_Profile,32
400640_Instant_Profile,38
400641_Instant_Profile,44
400642_Instant_Profile,30
400643_Instant_Profile,4
400645_Instant_Profile,32
400648_Instant_Profile,14
400650_Instant_Profile,22
400651_Instant_Profile,20
400652_Instant_Profile,14
400653_Instant_Profile,39
400656_Instant_Profile,40
400658_Instant_Profile,7
400659_Instant_Profile,40
400660_Instant_Profile,14
400004_Load_Profile,2
400012_Load_Profile,1
400015_Load_Profile,2
400024_Load_Profile,2
400043_Load_Profile,4
400047_Load_Profile,2
400060_Load_Profile,2
400065_Load_Profile,2
400105_Load_Profile,2
400107_Load_Profile,2
400149_Load_Profile,2
400181_Load_Profile,1
400204_Load_Profile,4
400206_Load_Profile,2
400214_Load_Profile,2
400215_Load_Profile,2
400230_Load_Profile,2
400246_Load_Profile,1
400278_Load_Profile,1
400285_Load_Profile,2
400292_Load_Profile,4
400293_Load_Profile,2
400295_Load_Profile,1
400303_Load_Profile,4
400333_Load_Profile,2
400336_Load_Profile,2
400339_Load_Profile,2
400340_Load_Profile,8
400342_Load_Profile,4
400348_Load_Profile,2
400350_Load_Profile,2
400362_Load_Profile,2
400363_Load_Profile,4
400365_Load_Profile,2
400367_Load_Profile,2
400368_Load_Profile,6
400369_Load_Profile,2
400371_Load_Profile,6
400372_Load_Profile,6
400374_Load_Profile,8
400378_Load_Profile,2
400379_Load_Profile,2
400380_Load_Profile,6
400381_Load_Profile,4
400382_Load_Profile,8
400388_Load_Profile,6
400390_Load_Profile,4
400391_Load_Profile,4
400393_Load_Profile,2
400397_Load_Profile,2
400404_Load_Profile,2
400405_Load_Profile,2
400406_Load_Profile,4
400407_Load_Profile,4
400408_Load_Profile,6
400409_Load_Profile,2
400410_Load_Profile,6
400412_Load_Profile,2
400414_Load_Profile,6
400415_Load_Profile,6
400417_Load_Profile,4
400419_Load_Profile,6
400420_Load_Profile,6
400421_Load_Profile,2
400422_Load_Profile,6
400423_Load_Profile,4
400426_Load_Profile,2
400427_Load_Profile,4
400430_Load_Profile,2
400431_Load_Profile,2
400432_Load_Profile,2
400433_Load_Profile,8
400434_Load_Profile,3
400435_Load_Profile,6
400436_Load_Profile,4
400437_Load_Profile,2
400439_Load_Profile,2
400440_Load_Profile,10
400441_Load_Profile,4
400442_Load_Profile,6
400444_Load_Profile,2
400445_Load_Profile,1
400447_Load_Profile,3
400451_Load_Profile,2
400453_Load_Profile,6
400454_Load_Profile,2
400457_Load_Profile,4
400458_Load_Profile,1
400459_Load_Profile,9
400460_Load_Profile,6
400463_Load_Profile,4
400464_Load_Profile,2
400466_Load_Profile,3
400467_Load_Profile,6
400468_Load_Profile,2
400469_Load_Profile,4
400470_Load_Profile,2
400471_Load_Profile,10
400472_Load_Profile,8
400474_Load_Profile,8
400477_Load_Profile,2
400478_Load_Profile,8
400479_Load_Profile,6
400480_Load_Profile,2
400481_Load_Profile,2
400482_Load_Profile,2
400483_Load_Profile,8
400492_Load_Profile,4
400493_Load_Profile,8
400494_Load_Profile,4
400496_Load_Profile,3
400498_Load_Profile,2
400499_Load_Profile,5
400500_Load_Profile,2
400501_Load_Profile,2
400503_Load_Profile,1
400505_Load_Profile,4
400506_Load_Profile,10
400507_Load_Profile,6
400509_Load_Profile,1
400516_Load_Profile,6
400517_Load_Profile,7
400518_Load_Profile,8
400519_Load_Profile,1
400521_Load_Profile,2
400523_Load_Profile,3
400524_Load_Profile,8
400527_Load_Profile,2
400528_Load_Profile,4
400532_Load_Profile,2
400537_Load_Profile,6
400539_Load_Profile,4
400540_Load_Profile,8
400541_Load_Profile,6
400544_Load_Profile,6
400545_Load_Profile,2
400546_Load_Profile,8
400550_Load_Profile,5
400552_Load_Profile,4
400553_Load_Profile,2
400554_Load_Profile,10
400556_Load_Profile,6
400558_Load_Profile,4
400559_Load_Profile,4
400561_Load_Profile,4
400563_Load_Profile,10
400564_Load_Profile,2
400566_Load_Profile,2
400567_Load_Profile,8
400568_Load_Profile,4
400569_Load_Profile,6
400570_Load_Profile,9
400571_Load_Profile,2
400572_Load_Profile,2
400575_Load_Profile,2
400577_Load_Profile,4
400581_Load_Profile,2
400585_Load_Profile,8
400589_Load_Profile,4
400591_Load_Profile,4
400595_Load_Profile,6
400596_Load_Profile,7
400598_Load_Profile,6
400601_Load_Profile,4
400603_Load_Profile,6
400604_Load_Profile,6
400606_Load_Profile,2
400607_Load_Profile,8
400608_Load_Profile,4
400609_Load_Profile,2
400610_Load_Profile,4
400611_Load_Profile,4
400612_Load_Profile,4
400614_Load_Profile,6
400617_Load_Profile,6
400620_Load_Profile,6
400621_Load_Profile,1
400624_Load_Profile,4
400625_Load_Profile,1
400627_Load_Profile,6
400628_Load_Profile,1
400629_Load_Profile,6
400630_Load_Profile,1
400631_Load_Profile,4
400633_Load_Profile,6
400634_Load_Profile,10
400635_Load_Profile,2
400636_Load_Profile,4
400638_Load_Profile,4
400639_Load_Profile,4
400640_Load_Profile,8
400641_Load_Profile,6
400642_Load_Profile,2
400643_Load_Profile,2
400645_Load_Profile,2
400647_Load_Profile,1
400650_Load_Profile,4
400651_Load_Profile,2
400652_Load_Profile,2
400653_Load_Profile,4
400656_Load_Profile,6
400658_Load_Profile,2
400659_Load_Profile,8
400660_Load_Profile,4
400669_Load_Profile,1
400681_Load_Profile,1
400682_Load_Profile,1
400693_Load_Profile,1
400696_Load_Profile,1
400698_Load_Profile,1
400713_Load_Profile,1
400718_Load_Profile,1
400721_Load_Profile,2
400726_Load_Profile,1
400780_Load_Profile,1
400792_Load_Profile,1
400815_Load_Profile,1
400838_Load_Profile,1
400869_Load_Profile,1
400881_Load_Profile,1
400892_Load_Profile,1
400899_Load_Profile,1
400931_Load_Profile,1
400945_Load_Profile,1
400948_Load_Profile,1
400953_Load_Profile,1
400963_Load_Profile,1
400967_Load_Profile,1
400969_Load_Profile,1
400975_Load_Profile,1
400976_Load_Profile,1
400977_Load_Profile,1
400986_Load_Profile,1
400992_Load_Profile,1
400997_Load_Profile,1
500020_Load_Profile,2
620012_Load_Profile,5
400001_Midnight_Profile,1
400005_Midnight_Profile,1
400012_Midnight_Profile,1
400014_Midnight_Profile,1
400023_Midnight_Profile,1
400038_Midnight_Profile,1
400040_Midnight_Profile,2
400043_Midnight_Profile,1
400053_Midnight_Profile,1
400080_Midnight_Profile,1
400090_Midnight_Profile,1
400105_Midnight_Profile,2
400106_Midnight_Profile,1
400107_Midnight_Profile,2
400128_Midnight_Profile,1
400132_Midnight_Profile,1
400134_Midnight_Profile,1
400159_Midnight_Profile,2
400162_Midnight_Profile,1
400172_Midnight_Profile,1
400177_Midnight_Profile,1
400181_Midnight_Profile,1
400187_Midnight_Profile,2
400196_Midnight_Profile,1
400210_Midnight_Profile,1
400213_Midnight_Profile,1
400215_Midnight_Profile,2
400216_Midnight_Profile,1
400220_Midnight_Profile,1
400226_Midnight_Profile,1
400227_Midnight_Profile,1
400229_Midnight_Profile,1
400237_Midnight_Profile,1
400238_Midnight_Profile,1
400243_Midnight_Profile,1
400246_Midnight_Profile,1
400256_Midnight_Profile,1
400273_Midnight_Profile,2
400283_Midnight_Profile,1
400285_Midnight_Profile,2
400293_Midnight_Profile,2
400298_Midnight_Profile,1
400303_Midnight_Profile,2
400331_Midnight_Profile,1
400332_Midnight_Profile,3
400333_Midnight_Profile,14
400334_Midnight_Profile,2
400335_Midnight_Profile,2
400336_Midnight_Profile,1
400337_Midnight_Profile,2
400338_Midnight_Profile,4
400339_Midnight_Profile,1
400340_Midnight_Profile,1
400341_Midnight_Profile,1
400342_Midnight_Profile,2
400343_Midnight_Profile,4
400344_Midnight_Profile,4
400345_Midnight_Profile,1
400348_Midnight_Profile,2
400349_Midnight_Profile,4
400350_Midnight_Profile,1
400351_Midnight_Profile,2
400352_Midnight_Profile,1
400354_Midnight_Profile,4
400356_Midnight_Profile,2
400357_Midnight_Profile,3
400358_Midnight_Profile,3
400359_Midnight_Profile,3
400360_Midnight_Profile,4
400361_Midnight_Profile,1
400362_Midnight_Profile,1
400363_Midnight_Profile,3
400364_Midnight_Profile,2
400368_Midnight_Profile,1
400369_Midnight_Profile,1
400370_Midnight_Profile,4
400371_Midnight_Profile,1
400373_Midnight_Profile,2
400374_Midnight_Profile,2
400375_Midnight_Profile,2
400376_Midnight_Profile,1
400379_Midnight_Profile,1
400380_Midnight_Profile,2
400381_Midnight_Profile,2
400385_Midnight_Profile,4
400386_Midnight_Profile,3
400387_Midnight_Profile,1
400389_Midnight_Profile,1
400390_Midnight_Profile,3
400396_Midnight_Profile,2
400397_Midnight_Profile,2
400400_Midnight_Profile,1
400401_Midnight_Profile,2
400402_Midnight_Profile,2
400405_Midnight_Profile,2
400406_Midnight_Profile,1
400409_Midnight_Profile,1
400410_Midnight_Profile,1
400412_Midnight_Profile,1
400414_Midnight_Profile,1
400415_Midnight_Profile,1
400417_Midnight_Profile,3
400419_Midnight_Profile,1
400421_Midnight_Profile,2
400422_Midnight_Profile,1
400423_Midnight_Profile,1
400425_Midnight_Profile,1
400426_Midnight_Profile,1
400427_Midnight_Profile,3
400428_Midnight_Profile,2
400430_Midnight_Profile,1
400431_Midnight_Profile,1
400432_Midnight_Profile,2
400434_Midnight_Profile,1
400435_Midnight_Profile,1
400436_Midnight_Profile,3
400437_Midnight_Profile,2
400439_Midnight_Profile,4
400440_Midnight_Profile,1
400441_Midnight_Profile,1
400442_Midnight_Profile,1
400443_Midnight_Profile,4
400444_Midnight_Profile,1
400445_Midnight_Profile,1
400446_Midnight_Profile,3
400447_Midnight_Profile,2
400448_Midnight_Profile,4
400451_Midnight_Profile,1
400453_Midnight_Profile,3
400454_Midnight_Profile,1
400456_Midnight_Profile,2
400457_Midnight_Profile,1
400458_Midnight_Profile,2
400459_Midnight_Profile,1
400461_Midnight_Profile,1
400462_Midnight_Profile,1
400463_Midnight_Profile,1
400464_Midnight_Profile,2
400468_Midnight_Profile,1
400469_Midnight_Profile,4
400472_Midnight_Profile,1
400474_Midnight_Profile,1
400477_Midnight_Profile,2
400478_Midnight_Profile,1
400479_Midnight_Profile,2
400480_Midnight_Profile,2
400481_Midnight_Profile,1
400482_Midnight_Profile,1
400483_Midnight_Profile,1
400484_Midnight_Profile,2
400488_Midnight_Profile,1
400489_Midnight_Profile,2
400493_Midnight_Profile,1
400494_Midnight_Profile,1
400495_Midnight_Profile,4
400496_Midnight_Profile,1
400499_Midnight_Profile,1
400500_Midnight_Profile,2
400501_Midnight_Profile,1
400502_Midnight_Profile,1
400504_Midnight_Profile,1
400505_Midnight_Profile,2
400506_Midnight_Profile,2
400507_Midnight_Profile,1
400508_Midnight_Profile,1
400509_Midnight_Profile,1
400510_Midnight_Profile,3
400512_Midnight_Profile,1
400514_Midnight_Profile,1
400515_Midnight_Profile,2
400516_Midnight_Profile,1
400517_Midnight_Profile,1
400518_Midnight_Profile,1
400520_Midnight_Profile,1
400521_Midnight_Profile,2
400522_Midnight_Profile,4
400523_Midnight_Profile,2
400524_Midnight_Profile,1
400527_Midnight_Profile,2
400529_Midnight_Profile,3
400530_Midnight_Profile,2
400532_Midnight_Profile,4
400535_Midnight_Profile,1
400537_Midnight_Profile,1
400538_Midnight_Profile,2
400539_Midnight_Profile,2
400540_Midnight_Profile,2
400541_Midnight_Profile,1
400542_Midnight_Profile,2
400544_Midnight_Profile,1
400545_Midnight_Profile,3
400546_Midnight_Profile,1
400551_Midnight_Profile,1
400552_Midnight_Profile,2
400556_Midnight_Profile,1
400557_Midnight_Profile,4
400558_Midnight_Profile,2
400560_Midnight_Profile,1
400561_Midnight_Profile,2
400562_Midnight_Profile,1
400563_Midnight_Profile,2
400564_Midnight_Profile,1
400567_Midnight_Profile,2
400568_Midnight_Profile,1
400569_Midnight_Profile,1
400570_Midnight_Profile,1
400571_Midnight_Profile,1
400572_Midnight_Profile,1
400573_Midnight_Profile,2
400574_Midnight_Profile,4
400575_Midnight_Profile,1
400576_Midnight_Profile,2
400577_Midnight_Profile,3
400587_Midnight_Profile,2
400588_Midnight_Profile,2
400589_Midnight_Profile,6
400590_Midnight_Profile,2
400591_Midnight_Profile,1
400592_Midnight_Profile,2
400593_Midnight_Profile,2
400594_Midnight_Profile,2
400598_Midnight_Profile,1
400599_Midnight_Profile,2
400600_Midnight_Profile,2
400603_Midnight_Profile,1
400604_Midnight_Profile,1
400605_Midnight_Profile,1
400608_Midnight_Profile,1
400609_Midnight_Profile,2
400610_Midnight_Profile,1
400613_Midnight_Profile,1
400614_Midnight_Profile,1
400615_Midnight_Profile,2
400616_Midnight_Profile,2
400619_Midnight_Profile,1
400620_Midnight_Profile,1
400625_Midnight_Profile,1
400629_Midnight_Profile,1
400630_Midnight_Profile,1
400631_Midnight_Profile,2
400635_Midnight_Profile,2
400636_Midnight_Profile,2
400639_Midnight_Profile,1
400640_Midnight_Profile,1
400641_Midnight_Profile,1
400642_Midnight_Profile,2
400645_Midnight_Profile,1
400651_Midnight_Profile,2
400652_Midnight_Profile,2
400654_Midnight_Profile,4
400655_Midnight_Profile,1
400661_Midnight_Profile,5
400662_Midnight_Profile,4
400663_Midnight_Profile,3
400664_Midnight_Profile,3
400665_Midnight_Profile,4
400666_Midnight_Profile,6
400668_Midnight_Profile,4
400669_Midnight_Profile,4
400670_Midnight_Profile,3
400671_Midnight_Profile,4
400672_Midnight_Profile,4
400673_Midnight_Profile,3
400674_Midnight_Profile,6
400676_Midnight_Profile,4
400677_Midnight_Profile,2
400678_Midnight_Profile,4
400679_Midnight_Profile,1
400680_Midnight_Profile,2
400681_Midnight_Profile,4
400682_Midnight_Profile,6
400683_Midnight_Profile,2
400684_Midnight_Profile,3
400685_Midnight_Profile,3
400686_Midnight_Profile,2
400688_Midnight_Profile,1
400690_Midnight_Profile,3
400692_Midnight_Profile,2
400693_Midnight_Profile,4
400695_Midnight_Profile,3
400696_Midnight_Profile,4
400697_Midnight_Profile,6
400698_Midnight_Profile,4
400699_Midnight_Profile,6
400700_Midnight_Profile,3
400701_Midnight_Profile,6
400702_Midnight_Profile,2
400703_Midnight_Profile,4
400704_Midnight_Profile,1
400707_Midnight_Profile,1
400708_Midnight_Profile,1
400709_Midnight_Profile,4
400710_Midnight_Profile,4
400711_Midnight_Profile,3
400712_Midnight_Profile,4
400713_Midnight_Profile,4
400715_Midnight_Profile,6
400716_Midnight_Profile,3
400717_Midnight_Profile,4
400718_Midnight_Profile,4
400721_Midnight_Profile,4
400723_Midnight_Profile,6
400724_Midnight_Profile,6
400725_Midnight_Profile,4
400726_Midnight_Profile,3
400727_Midnight_Profile,4
400728_Midnight_Profile,6
400729_Midnight_Profile,4
400730_Midnight_Profile,4
400731_Midnight_Profile,6
400732_Midnight_Profile,4
400733_Midnight_Profile,3
400734_Midnight_Profile,4
400735_Midnight_Profile,2
400736_Midnight_Profile,2
400737_Midnight_Profile,3
400739_Midnight_Profile,2
400740_Midnight_Profile,2
400741_Midnight_Profile,4
400742_Midnight_Profile,6
400743_Midnight_Profile,4
400744_Midnight_Profile,4
400745_Midnight_Profile,4
400746_Midnight_Profile,3
400747_Midnight_Profile,3
400748_Midnight_Profile,6
400749_Midnight_Profile,4
400750_Midnight_Profile,6
400752_Midnight_Profile,2
400754_Midnight_Profile,6
400755_Midnight_Profile,2
400756_Midnight_Profile,4
400758_Midnight_Profile,3
400759_Midnight_Profile,2
400760_Midnight_Profile,4
400761_Midnight_Profile,4
400762_Midnight_Profile,4
400764_Midnight_Profile,6
400765_Midnight_Profile,4
400766_Midnight_Profile,2
400769_Midnight_Profile,6
400770_Midnight_Profile,4
400771_Midnight_Profile,4
400773_Midnight_Profile,3
400774_Midnight_Profile,3
400775_Midnight_Profile,4
400776_Midnight_Profile,6
400777_Midnight_Profile,4
400779_Midnight_Profile,6
400780_Midnight_Profile,2
400781_Midnight_Profile,4
400782_Midnight_Profile,2
400786_Midnight_Profile,8
400787_Midnight_Profile,4
400788_Midnight_Profile,4
400789_Midnight_Profile,6
400790_Midnight_Profile,3
400791_Midnight_Profile,6
400792_Midnight_Profile,4
400794_Midnight_Profile,4
400795_Midnight_Profile,1
400796_Midnight_Profile,2
400797_Midnight_Profile,1
400798_Midnight_Profile,4
400800_Midnight_Profile,3
400801_Midnight_Profile,4
400802_Midnight_Profile,4
400803_Midnight_Profile,2
400804_Midnight_Profile,2
400805_Midnight_Profile,6
400806_Midnight_Profile,4
400808_Midnight_Profile,4
400810_Midnight_Profile,4
400811_Midnight_Profile,4
400812_Midnight_Profile,4
400813_Midnight_Profile,2
400814_Midnight_Profile,4
400815_Midnight_Profile,3
400817_Midnight_Profile,6
400819_Midnight_Profile,2
400821_Midnight_Profile,4
400822_Midnight_Profile,4
400823_Midnight_Profile,4
400824_Midnight_Profile,1
400825_Midnight_Profile,3
400827_Midnight_Profile,2
400828_Midnight_Profile,6
400830_Midnight_Profile,1
400831_Midnight_Profile,6
400832_Midnight_Profile,4
400833_Midnight_Profile,6
400834_Midnight_Profile,2
400837_Midnight_Profile,1
400838_Midnight_Profile,2
400839_Midnight_Profile,4
400840_Midnight_Profile,2
400843_Midnight_Profile,2
400844_Midnight_Profile,2
400845_Midnight_Profile,2
400846_Midnight_Profile,6
400848_Midnight_Profile,4
400849_Midnight_Profile,4
400850_Midnight_Profile,4
400853_Midnight_Profile,4
400854_Midnight_Profile,3
400856_Midnight_Profile,2
400857_Midnight_Profile,3
400858_Midnight_Profile,4
400859_Midnight_Profile,4
400860_Midnight_Profile,2
400862_Midnight_Profile,4
400863_Midnight_Profile,4
400864_Midnight_Profile,6
400865_Midnight_Profile,2
400866_Midnight_Profile,4
400869_Midnight_Profile,4
400870_Midnight_Profile,6
400871_Midnight_Profile,4
400872_Midnight_Profile,3
400873_Midnight_Profile,3
400874_Midnight_Profile,4
400875_Midnight_Profile,4
400876_Midnight_Profile,2
400880_Midnight_Profile,2
400881_Midnight_Profile,2
400882_Midnight_Profile,4
400884_Midnight_Profile,4
400886_Midnight_Profile,2
400887_Midnight_Profile,2
400888_Midnight_Profile,3
400889_Midnight_Profile,4
400890_Midnight_Profile,2
400891_Midnight_Profile,2
400892_Midnight_Profile,4
400893_Midnight_Profile,6
400894_Midnight_Profile,6
400895_Midnight_Profile,2
400896_Midnight_Profile,4
400897_Midnight_Profile,4
400898_Midnight_Profile,4
400899_Midnight_Profile,6
400900_Midnight_Profile,4
400901_Midnight_Profile,4
400902_Midnight_Profile,5
400905_Midnight_Profile,4
400906_Midnight_Profile,6
400907_Midnight_Profile,2
400908_Midnight_Profile,2
400909_Midnight_Profile,3
400910_Midnight_Profile,3
400911_Midnight_Profile,1
400912_Midnight_Profile,4
400913_Midnight_Profile,1
400915_Midnight_Profile,2
400916_Midnight_Profile,3
400918_Midnight_Profile,4
400922_Midnight_Profile,2
400923_Midnight_Profile,4
400926_Midnight_Profile,6
400927_Midnight_Profile,2
400929_Midnight_Profile,3
400930_Midnight_Profile,4
400931_Midnight_Profile,4
400932_Midnight_Profile,4
400933_Midnight_Profile,3
400934_Midnight_Profile,2
400937_Midnight_Profile,2
400938_Midnight_Profile,6
400940_Midnight_Profile,6
400942_Midnight_Profile,2
400943_Midnight_Profile,5
400944_Midnight_Profile,2
400945_Midnight_Profile,4
400948_Midnight_Profile,4
400949_Midnight_Profile,2
400951_Midnight_Profile,3
400952_Midnight_Profile,6
400953_Midnight_Profile,4
400954_Midnight_Profile,4
400955_Midnight_Profile,3
400958_Midnight_Profile,4
400959_Midnight_Profile,1
400962_Midnight_Profile,3
400963_Midnight_Profile,2
400964_Midnight_Profile,6
400966_Midnight_Profile,6
400967_Midnight_Profile,2
400968_Midnight_Profile,4
400969_Midnight_Profile,2
400970_Midnight_Profile,4
400972_Midnight_Profile,3
400974_Midnight_Profile,2
400975_Midnight_Profile,2
400976_Midnight_Profile,4
400977_Midnight_Profile,6
400979_Midnight_Profile,6
400980_Midnight_Profile,2
400983_Midnight_Profile,4
400984_Midnight_Profile,1
400986_Midnight_Profile,2
400987_Midnight_Profile,2
400989_Midnight_Profile,4
400990_Midnight_Profile,6
400993_Midnight_Profile,3
400994_Midnight_Profile,6
400995_Midnight_Profile,4
400996_Midnight_Profile,2
400997_Midnight_Profile,1
400999_Midnight_Profile,4
620012_Midnight_Profile,5
