NodeId_Profile,Incorrect_Count
400336_Instant_Profile,2
400339_Instant_Profile,2
400340_Instant_Profile,6
400341_Instant_Profile,2
400342_Instant_Profile,6
400345_Instant_Profile,2
400347_Instant_Profile,2
400348_Instant_Profile,4
400350_Instant_Profile,4
400352_Instant_Profile,2
400355_Instant_Profile,2
400361_Instant_Profile,2
400362_Instant_Profile,6
400363_Instant_Profile,8
400367_Instant_Profile,4
400368_Instant_Profile,10
400369_Instant_Profile,2
400371_Instant_Profile,8
400372_Instant_Profile,6
400373_Instant_Profile,2
400374_Instant_Profile,10
400376_Instant_Profile,4
400380_Instant_Profile,10
400381_Instant_Profile,6
400382_Instant_Profile,10
400386_Instant_Profile,2
400387_Instant_Profile,2
400388_Instant_Profile,4
400390_Instant_Profile,2
400391_Instant_Profile,8
400393_Instant_Profile,2
400404_Instant_Profile,8
400405_Instant_Profile,4
400406_Instant_Profile,6
400407_Instant_Profile,6
400408_Instant_Profile,10
400409_Instant_Profile,2
400410_Instant_Profile,16
400412_Instant_Profile,4
400414_Instant_Profile,4
400415_Instant_Profile,6
400417_Instant_Profile,6
400419_Instant_Profile,8
400420_Instant_Profile,12
400422_Instant_Profile,4
400423_Instant_Profile,6
400426_Instant_Profile,2
400427_Instant_Profile,2
400428_Instant_Profile,2
400430_Instant_Profile,4
400432_Instant_Profile,4
400433_Instant_Profile,14
400434_Instant_Profile,2
400435_Instant_Profile,10
400436_Instant_Profile,2
400437_Instant_Profile,6
400440_Instant_Profile,12
400441_Instant_Profile,6
400442_Instant_Profile,12
400443_Instant_Profile,2
400444_Instant_Profile,3
400447_Instant_Profile,4
400448_Instant_Profile,2
400450_Instant_Profile,2
400453_Instant_Profile,4
400454_Instant_Profile,2
400455_Instant_Profile,2
400459_Instant_Profile,2
400460_Instant_Profile,6
400462_Instant_Profile,2
400463_Instant_Profile,10
400464_Instant_Profile,2
400466_Instant_Profile,4
400467_Instant_Profile,4
400469_Instant_Profile,10
400470_Instant_Profile,2
400471_Instant_Profile,14
400472_Instant_Profile,6
400474_Instant_Profile,10
400477_Instant_Profile,4
400478_Instant_Profile,10
400479_Instant_Profile,12
400480_Instant_Profile,4
400481_Instant_Profile,4
400482_Instant_Profile,4
400483_Instant_Profile,16
400493_Instant_Profile,12
400494_Instant_Profile,2
400496_Instant_Profile,4
400498_Instant_Profile,6
400499_Instant_Profile,10
400501_Instant_Profile,4
400505_Instant_Profile,2
400506_Instant_Profile,12
400507_Instant_Profile,4
400509_Instant_Profile,2
400515_Instant_Profile,2
400516_Instant_Profile,12
400517_Instant_Profile,4
400518_Instant_Profile,12
400519_Instant_Profile,2
400523_Instant_Profile,4
400524_Instant_Profile,8
400527_Instant_Profile,4
400528_Instant_Profile,6
400529_Instant_Profile,4
400532_Instant_Profile,6
400537_Instant_Profile,4
400538_Instant_Profile,8
400539_Instant_Profile,4
400540_Instant_Profile,8
400541_Instant_Profile,10
400544_Instant_Profile,6
400546_Instant_Profile,10
400550_Instant_Profile,10
400551_Instant_Profile,2
400552_Instant_Profile,6
400554_Instant_Profile,8
400556_Instant_Profile,10
400558_Instant_Profile,6
400559_Instant_Profile,2
400560_Instant_Profile,2
400561_Instant_Profile,2
400563_Instant_Profile,4
400564_Instant_Profile,2
400566_Instant_Profile,6
400567_Instant_Profile,8
400569_Instant_Profile,6
400570_Instant_Profile,12
400571_Instant_Profile,14
400572_Instant_Profile,2
400573_Instant_Profile,4
400575_Instant_Profile,10
400576_Instant_Profile,4
400577_Instant_Profile,6
400580_Instant_Profile,8
400581_Instant_Profile,4
400585_Instant_Profile,12
400587_Instant_Profile,2
400589_Instant_Profile,8
400591_Instant_Profile,18
400594_Instant_Profile,2
400595_Instant_Profile,6
400596_Instant_Profile,8
400598_Instant_Profile,6
400601_Instant_Profile,4
400603_Instant_Profile,4
400604_Instant_Profile,6
400606_Instant_Profile,2
400607_Instant_Profile,8
400608_Instant_Profile,6
400610_Instant_Profile,10
400611_Instant_Profile,10
400612_Instant_Profile,6
400614_Instant_Profile,6
400615_Instant_Profile,2
400617_Instant_Profile,6
400620_Instant_Profile,4
400622_Instant_Profile,6
400624_Instant_Profile,14
400627_Instant_Profile,6
400628_Instant_Profile,2
400629_Instant_Profile,6
400631_Instant_Profile,2
400633_Instant_Profile,8
400634_Instant_Profile,14
400636_Instant_Profile,8
400638_Instant_Profile,6
400639_Instant_Profile,10
400640_Instant_Profile,14
400641_Instant_Profile,4
400642_Instant_Profile,12
400643_Instant_Profile,2
400645_Instant_Profile,8
400650_Instant_Profile,4
400651_Instant_Profile,2
400652_Instant_Profile,6
400653_Instant_Profile,10
400656_Instant_Profile,2
400658_Instant_Profile,4
400659_Instant_Profile,12
400660_Instant_Profile,10
400348_Load_Profile,4
400352_Load_Profile,2
400371_Load_Profile,2
400372_Load_Profile,2
400380_Load_Profile,2
400388_Load_Profile,4
400391_Load_Profile,2
400397_Load_Profile,2
400404_Load_Profile,2
400407_Load_Profile,2
400423_Load_Profile,2
400427_Load_Profile,4
400430_Load_Profile,6
400435_Load_Profile,2
400436_Load_Profile,2
400437_Load_Profile,2
400453_Load_Profile,2
400463_Load_Profile,2
400467_Load_Profile,2
400470_Load_Profile,2
400474_Load_Profile,2
400483_Load_Profile,2
400493_Load_Profile,2
400507_Load_Profile,2
400516_Load_Profile,4
400523_Load_Profile,4
400528_Load_Profile,4
400529_Load_Profile,4
400537_Load_Profile,2
400538_Load_Profile,4
400540_Load_Profile,2
400546_Load_Profile,2
400550_Load_Profile,2
400560_Load_Profile,2
400569_Load_Profile,2
400573_Load_Profile,2
400575_Load_Profile,4
400576_Load_Profile,2
400580_Load_Profile,2
400585_Load_Profile,2
400601_Load_Profile,2
400606_Load_Profile,2
400611_Load_Profile,2
400614_Load_Profile,2
400620_Load_Profile,2
400629_Load_Profile,2
400635_Load_Profile,2
400641_Load_Profile,2
400642_Load_Profile,4
400603_Midnight_Profile,1
400765_Midnight_Profile,1
400970_Midnight_Profile,1
